{"cameraMode":{"drawMode":0,"name":"Shaded","section":"Shading Mode"},"sceneLighting":true,"audioPlay":false,"sceneViewState":{"m_AlwaysRefresh":false,"showFog":true,"showSkybox":true,"showFlares":true,"showImageEffects":true,"showParticleSystems":true,"showVisualEffectGraphs":true,"m_FxEnabled":true},"in2DMode":false,"pivot":{"x":43.722347259521487,"y":0.07700061798095703,"z":26.920379638671876},"rotation":{"x":0.017982086166739465,"y":0.9733197689056397,"z":-0.08195169270038605,"w":0.21356886625289918},"size":4.892261981964111,"orthographic":true}